<?xml version='1.0' encoding='utf-8' ?>
<e107Export version="2.3.1 (git)" timestamp="1609327718" >
	<database>
		<dbTable name="page">
			<item><field name="page_id">1</field><field name="page_title">Article 1</field><field name="menu_name">icon-menu-1</field>
				<field name="page_sef">article-1</field>
				<field name="page_chapter">2</field>
				<field name="page_metakeys"></field>
				<field name="page_metadscr"></field>
				<field name="page_text"><![CDATA[[html]<p>Lorem ipsum dolor sit amet, consectetur adipiscing elit. Donec libero ipsum; imperdiet at risus non, dictum sagittis odio! Nulla facilisi. Pellentesque adipiscing facilisis pharetra. Morbi imperdiet augue in ligula luctus, et iaculis est porttitor. Class aptent taciti sociosqu ad litora torquent per conubia nostra, per inceptos himenaeos. In ultricies vitae nisi ut porttitor. Curabitur lectus tellus, feugiat a elit vel, gravida iaculis dui. Nulla vulputate turpis dui, ac faucibus enim dignissim non. Ut non tellus suscipit, scelerisque orci sed, scelerisque sapien. Aenean convallis sodales nulla in porttitor. In pretium ante sapien, a tempor eros blandit nec.<br><br>Nulla non est nibh? Fusce lacinia quam adipiscing magna posuere dapibus. Sed mollis condimentum rhoncus. Morbi sollicitudin tellus a ligula luctus, ac varius arcu ullamcorper. Mauris in aliquet tellus, nec porttitor dui. Quisque interdum euismod mi sed bibendum. Vivamus non odio quis quam lacinia rhoncus in nec nibh. Integer vitae turpis condimentum, laoreet diam nec viverra fusce.</p>[/html]]]></field>
				<field name="page_author">1</field>
				<field name="page_datestamp">1371420000</field>
				<field name="page_rating_flag">1</field>
				<field name="page_comment_flag">1</field>
				<field name="page_password"></field>
				<field name="page_class">0</field>
				<field name="page_ip_restrict"></field>
				<field name="page_template">default</field>
				<field name="page_order">9999</field>
				<field name="page_fields"></field>
				
				<field name="menu_title">Heading 1</field>
				<field name="menu_text"><![CDATA[[html]<p><span>Lorem ipsum dolor sit amet, consectetur adipiscing elit. Aenean pharetra varius maximus.</span></p>[/html]]]></field>
				<field name="menu_image"></field>
				<field name="menu_icon">fa-html5.glyph</field>
				<field name="menu_template">icon-title-body</field>
				<field name="menu_class">0</field>
				<field name="menu_button_url"></field>
				<field name="menu_button_text"></field>
			</item>
			<item><field name="page_id">2</field><field name="page_title">Article 2</field><field name="menu_name">icon-menu-2</field>
				<field name="page_sef">article-2</field>
				<field name="page_chapter">2</field>
				<field name="page_metakeys"></field>
				<field name="page_metadscr"></field>
				<field name="page_text"><![CDATA[[html]<p>Lorem ipsum dolor sit amet, consectetur adipiscing elit. Nam a nunc eget nulla rutrum fringilla sed vel nisl. Suspendisse at erat a neque pulvinar sodales. Etiam dictum erat erat. Pellentesque dictum convallis massa, eu varius sapien gravida a. Suspendisse auctor, mi a tempor tincidunt, lorem felis gravida libero, nec mattis eros felis eu neque. Etiam vel sagittis ipsum. Morbi at libero accumsan mauris tincidunt adipiscing sed vitae mauris. Aenean suscipit consectetur dignissim. Aliquam ornare diam vitae libero suscipit eget facilisis nisl ultrices? Curabitur luctus turpis ac lorem iaculis id interdum massa blandit! Curabitur placerat massa at neque accumsan porta. Nulla sed tortor id sapien dapibus auctor at eget mi. Sed ultrices lacinia viverra.Mauris in purus mauris. Nulla facilisi. Suspendisse dui enim, dapibus sed accumsan non, gravida eget nulla. Praesent ullamcorper, est ac viverra congue, nisl lacus imperdiet sem, et laoreet velit mauris sed leo. Donec erat mi, luctus quis suscipit pretium, luctus sed orci. Proin eu ultricies sem. Nam mollis turpis non erat fermentum congue.Nullam adipiscing, purus et varius blandit, arcu nisi pretium urna, a euismod eros eros quis turpis! Aliquam quis mi turpis, in varius neque. Aliquam erat volutpat. Vestibulum venenatis ipsum dapibus ante dictum egestas. Pellentesque eget nisi ligula, id accumsan eros. Aenean vitae felis vitae sapien mattis pellentesque non nec dolor. Nulla facilisi.Quisque in tortor turpis, sed venenatis nunc. Nunc tellus elit, suscipit et accumsan ac, mollis et risus. Phasellus consectetur sapien in felis semper non tempor tortor mollis. Ut id leo vel magna rhoncus aliquet. Nunc eget sollicitudin felis. Vestibulum tempor, justo et congue dignissim, augue ipsum malesuada libero, id suscipit felis mi vitae erat. Etiam suscipit lacinia sapien, ac gravida nisi lobortis non. Suspendisse dictum risus in est egestas egestas. Aenean et nisi sed odio sollicitudin placerat vel ut magna. Nulla facilisi. Proin condimentum ultricies vulputate. Morbi dapibus elit a tellus elementum congue! In vitae aliquet leo. Proin tempus tincidunt magna, sit amet malesuada ipsum ornare sed. Sed lorem augue, aliquam sit amet hendrerit sed; venenatis in massa. Sed iaculis amet.</p>[/html]]]></field>
				<field name="page_author">1</field>
				<field name="page_datestamp">1366149600</field>
				<field name="page_rating_flag">0</field>
				<field name="page_comment_flag">0</field>
				<field name="page_password"></field>
				<field name="page_class">0</field>
				<field name="page_ip_restrict"></field>
				<field name="page_template">default</field>
				<field name="page_order">9999</field>
				<field name="page_fields"></field>
				
				<field name="menu_title">Heading 2</field>
				<field name="menu_text"><![CDATA[[html]<p><span>Lorem ipsum dolor sit amet, consectetur adipiscing elit. Aenean pharetra varius maximus.</span></p>[/html]]]></field>
				<field name="menu_image"></field>
				<field name="menu_icon">fa-pie-chart.glyph</field>
				<field name="menu_template">icon-title-body</field>
				<field name="menu_class">0</field>
				<field name="menu_button_url"></field>
				<field name="menu_button_text"></field>
			</item>
			<item><field name="page_id">3</field><field name="page_title">Article 3</field><field name="menu_name">icon-menu-3</field>
				
				<field name="page_sef">article-3</field>
				<field name="page_chapter">2</field>
				<field name="page_metakeys"></field>
				<field name="page_metadscr"></field>
				<field name="page_text"><![CDATA[[html]<p>Lorem ipsum dolor sit amet, consectetur adipiscing elit. Vestibulum porttitor a justo ut tristique. Nam molestie sem at leo lobortis, vel luctus ligula tempus. Sed sagittis rutrum lectus vel suscipit. Sed in ligula vitae massa sagittis adipiscing vitae vel sem. Fusce nec rhoncus purus. Aenean mollis magna tellus; non consequat leo feugiat eu. Donec mauris velit, euismod nec facilisis quis, hendrerit nec lorem. Aliquam et lorem sed enim tempus sodales. Vestibulum ut enim adipiscing ipsum semper eleifend in in dolor. Fusce tempor risus velit, in fringilla tellus faucibus eget. Maecenas aliquet nunc nec nulla auctor, sed tristique est pellentesque. Maecenas tristique blandit dolor, nec egestas ligula aliquam eu.<br><br>Morbi porta leo iaculis, hendrerit lorem interdum, porta dui. Integer tempor convallis quam, eget tempus neque blandit sit amet. Quisque dictum libero elit, ut vehicula lectus accumsan a. Nam laoreet vulputate massa vel viverra. Sed tempus blandit sapien, in viverra urna aliquet quis. Aliquam erat volutpat. Nulla accumsan posuere.</p>[/html]]]></field>
				<field name="page_author">1</field>
				<field name="page_datestamp">1336600800</field>
				<field name="page_rating_flag">0</field>
				<field name="page_comment_flag">0</field>
				<field name="page_password"></field>
				<field name="page_class">0</field>
				<field name="page_ip_restrict"></field>
				<field name="page_template">default</field>
				<field name="page_order">9999</field>
				<field name="page_fields"></field>
				
				<field name="menu_title">Heading 3</field>
				<field name="menu_text"><![CDATA[[html]<p><span>Lorem ipsum dolor sit amet, consectetur adipiscing elit. Aenean pharetra varius maximus.</span></p>[/html]]]></field>
				<field name="menu_image"></field>
				<field name="menu_icon">fa-unlock-alt.glyph</field>
				<field name="menu_template">icon-title-body</field>
				<field name="menu_class">0</field>
				<field name="menu_button_url"></field>
				<field name="menu_button_text"></field>
			</item>
			<item><field name="page_id">4</field><field name="page_title">Article 4</field><field name="menu_name">icon-menu-4</field>			
					<field name="page_sef">article-4</field>
					<field name="page_chapter">3</field>
					<field name="page_metakeys"></field>
					<field name="page_metadscr"></field>
					<field name="page_text"><![CDATA[[html]<p>Lorem ipsum dolor sit amet, consectetur adipiscing elit. Vestibulum porttitor a justo ut tristique. Nam molestie sem at leo lobortis, vel luctus ligula tempus. Sed sagittis rutrum lectus vel suscipit. Sed in ligula vitae massa sagittis adipiscing vitae vel sem. Fusce nec rhoncus purus. Aenean mollis magna tellus; non consequat leo feugiat eu. Donec mauris velit, euismod nec facilisis quis, hendrerit nec lorem. Aliquam et lorem sed enim tempus sodales. Vestibulum ut enim adipiscing ipsum semper eleifend in in dolor. Fusce tempor risus velit, in fringilla tellus faucibus eget. Maecenas aliquet nunc nec nulla auctor, sed tristique est pellentesque. Maecenas tristique blandit dolor, nec egestas ligula aliquam eu. Morbi porta leo iaculis, hendrerit lorem interdum, porta dui. Integer tempor convallis quam, eget tempus neque blandit sit amet. Quisque dictum libero elit, ut vehicula lectus accumsan a. Nam laoreet vulputate massa vel viverra. Sed tempus blandit sapien, in viverra urna aliquet quis. Aliquam erat volutpat. Nulla accumsan posuere.</p>[/html]]]></field>
					<field name="page_author">1</field>
					<field name="page_datestamp">1535407200</field>
					<field name="page_rating_flag">0</field>
					<field name="page_comment_flag">0</field>
					<field name="page_password"></field>
					<field name="page_class">0</field>
					<field name="page_ip_restrict"></field>
					<field name="page_template">customfields</field>
					<field name="page_order">9999</field>
					<field name="page_fields"></field>
					
					<field name="menu_title">Heading 4</field>
					<field name="menu_text"><![CDATA[[html]<p><span>Lorem ipsum dolor sit amet, consectetur adipiscing elit. Aenean pharetra varius maximus.</span></p>[/html]]]></field>
					<field name="menu_image"></field>
					<field name="menu_icon">fa-question-circle.glyph</field>
					<field name="menu_template">icon-title-body</field>
					<field name="menu_class">0</field>
					<field name="menu_button_url"></field>
					<field name="menu_button_text"></field>
			</item>
			<item><field name="page_id">5</field><field name="page_title">Feature 1</field><field name="menu_name">feature-menu-1</field>
				<field name="page_sef">feature-1</field>
				<field name="page_chapter">2</field>
				<field name="page_metakeys"></field>
				<field name="page_metadscr"></field>
				<field name="page_text"><![CDATA[[html]<p>Lorem ipsum dolor sit amet, consectetur adipiscing elit. Vestibulum porttitor a justo ut tristique. Nam molestie sem at leo lobortis, vel luctus ligula tempus. Sed sagittis rutrum lectus vel suscipit. Sed in ligula vitae massa sagittis adipiscing vitae vel sem. Fusce nec rhoncus purus. Aenean mollis magna tellus; non consequat leo feugiat eu. Donec mauris velit, euismod nec facilisis quis, hendrerit nec lorem. Aliquam et lorem sed enim tempus sodales. Vestibulum ut enim adipiscing ipsum semper eleifend in in dolor. Fusce tempor risus velit, in fringilla tellus faucibus eget. Maecenas aliquet nunc nec nulla auctor, sed tristique est pellentesque. Maecenas tristique blandit dolor, nec egestas ligula aliquam eu.<br><br>Morbi porta leo iaculis, hendrerit lorem interdum, porta dui. Integer tempor convallis quam, eget tempus neque blandit sit amet. Quisque dictum libero elit, ut vehicula lectus accumsan a. Nam laoreet vulputate massa vel viverra. Sed tempus blandit sapien, in viverra urna aliquet quis. Aliquam erat volutpat. Nulla accumsan posuere.</p>[/html]]]></field>
				<field name="page_author">1</field>
				<field name="page_datestamp">1344549600</field>
				<field name="page_rating_flag">0</field>
				<field name="page_comment_flag">0</field>
				<field name="page_password"></field>
				<field name="page_class">0</field>
				<field name="page_ip_restrict"></field>
				<field name="page_template">default</field>
				<field name="page_order">9999</field>
				<field name="page_fields"></field>
				
				<field name="menu_title">Feature Menu 1</field>
				<field name="menu_text"><![CDATA[[html]<p><span>Lorem ipsum dolor sit amet, consectetur adipiscing elit. Aenean pharetra varius maximus. Cras condimentum porttitor enim a egestas. Suspendisse potenti</span></p>[/html]]]></field>
				<field name="menu_image"></field>
				<field name="menu_icon"></field>
				<field name="menu_template">title-body-button</field>
				<field name="menu_class">0</field>
				<field name="menu_button_url"></field>
				<field name="menu_button_text"></field>
			</item>
			<item><field name="page_id">6</field><field name="page_title">Feature 2</field><field name="menu_name">feature-menu-2</field>
				
				<field name="page_sef">feature-2</field>
				<field name="page_chapter">2</field>
				<field name="page_metakeys"></field>
				<field name="page_metadscr"></field>
				<field name="page_text"><![CDATA[[html]<p>Lorem ipsum dolor sit amet, consectetur adipiscing elit. Vestibulum porttitor a justo ut tristique. Nam molestie sem at leo lobortis, vel luctus ligula tempus. Sed sagittis rutrum lectus vel suscipit. Sed in ligula vitae massa sagittis adipiscing vitae vel sem. Fusce nec rhoncus purus. Aenean mollis magna tellus; non consequat leo feugiat eu. Donec mauris velit, euismod nec facilisis quis, hendrerit nec lorem. Aliquam et lorem sed enim tempus sodales. Vestibulum ut enim adipiscing ipsum semper eleifend in in dolor. Fusce tempor risus velit, in fringilla tellus faucibus eget. Maecenas aliquet nunc nec nulla auctor, sed tristique est pellentesque. Maecenas tristique blandit dolor, nec egestas ligula aliquam eu.<br><br>Morbi porta leo iaculis, hendrerit lorem interdum, porta dui. Integer tempor convallis quam, eget tempus neque blandit sit amet. Quisque dictum libero elit, ut vehicula lectus accumsan a. Nam laoreet vulputate massa vel viverra. Sed tempus blandit sapien, in viverra urna aliquet quis. Aliquam erat volutpat. Nulla accumsan posuere.</p>[/html]]]></field>
				<field name="page_author">1</field>
				<field name="page_datestamp">1347228000</field>
				<field name="page_rating_flag">0</field>
				<field name="page_comment_flag">0</field>
				<field name="page_password"></field>
				<field name="page_class">0</field>
				<field name="page_ip_restrict"></field>
				<field name="page_template">default</field>
				<field name="page_order">9999</field>
				<field name="page_fields"></field>
				
				<field name="menu_title">Feature Menu 2</field>
				<field name="menu_text"><![CDATA[[html]<p><span>Lorem ipsum dolor sit amet, consectetur adipiscing elit. Aenean pharetra varius maximus. Cras condimentum porttitor enim a egestas. Suspendisse potenti</span></p>[/html]]]></field>
				<field name="menu_image"></field>
				<field name="menu_icon"></field>
				<field name="menu_template">title-body-button</field>
				<field name="menu_class">0</field>
				<field name="menu_button_url"></field>
				<field name="menu_button_text"></field>
			</item>
			<item><field name="page_id">7</field><field name="page_title">Feature 3</field><field name="menu_name">feature-menu-3</field>
				
				<field name="page_sef">feature-3</field>
				<field name="page_chapter">2</field>
				<field name="page_metakeys"></field>
				<field name="page_metadscr"></field>
				<field name="page_text"><![CDATA[[html]<p>Lorem ipsum dolor sit amet, consectetur adipiscing elit. Vestibulum porttitor a justo ut tristique. Nam molestie sem at leo lobortis, vel luctus ligula tempus. Sed sagittis rutrum lectus vel suscipit. Sed in ligula vitae massa sagittis adipiscing vitae vel sem. Fusce nec rhoncus purus. Aenean mollis magna tellus; non consequat leo feugiat eu. Donec mauris velit, euismod nec facilisis quis, hendrerit nec lorem. Aliquam et lorem sed enim tempus sodales. Vestibulum ut enim adipiscing ipsum semper eleifend in in dolor. Fusce tempor risus velit, in fringilla tellus faucibus eget. Maecenas aliquet nunc nec nulla auctor, sed tristique est pellentesque. Maecenas tristique blandit dolor, nec egestas ligula aliquam eu.<br><br>Morbi porta leo iaculis, hendrerit lorem interdum, porta dui. Integer tempor convallis quam, eget tempus neque blandit sit amet. Quisque dictum libero elit, ut vehicula lectus accumsan a. Nam laoreet vulputate massa vel viverra. Sed tempus blandit sapien, in viverra urna aliquet quis. Aliquam erat volutpat. Nulla accumsan posuere.</p>[/html]]]></field>
				<field name="page_author">1</field>
				<field name="page_datestamp">1349820000</field>
				<field name="page_rating_flag">0</field>
				<field name="page_comment_flag">0</field>
				<field name="page_password"></field>
				<field name="page_class">0</field>
				<field name="page_ip_restrict"></field>
				<field name="page_template">default</field>
				<field name="page_order">9999</field>
				<field name="page_fields"></field>
				
				<field name="menu_title">Feature Menu 3</field>
				<field name="menu_text"><![CDATA[[html]<p><span>Lorem ipsum dolor sit amet, consectetur adipiscing elit. Aenean pharetra varius maximus. Cras condimentum porttitor enim a egestas. Suspendisse potenti</span></p>[/html]]]></field>
				<field name="menu_image"></field>
				<field name="menu_icon"></field>
				<field name="menu_template">title-body-button</field>
				<field name="menu_class">0</field>
				<field name="menu_button_url"></field>
				<field name="menu_button_text"></field>
			</item>
			<item><field name="page_id">8</field><field name="menu_name">custom-device</field>
				<field name="page_title"><![CDATA[Use <span class=&quot;em-primary&quot;>SkyApp</span> on All Devices]]></field>
				<field name="page_sef">device</field>
				<field name="page_chapter">0</field>
				<field name="page_metakeys"></field>
				<field name="page_metadscr"></field>
				<field name="page_text"></field>
				<field name="page_author">1</field>
				<field name="page_datestamp">1567085764</field>
				<field name="page_rating_flag">0</field>
				<field name="page_comment_flag">0</field>
				<field name="page_password"></field>
				<field name="page_class">0</field>
				<field name="page_ip_restrict"></field>
				<field name="page_template">default</field>
				<field name="page_order">10000</field>
				<field name="page_fields"></field>				
				<field name="menu_title"><![CDATA[Use <span class=&quot;em-primary&quot;>SkyApp</span> on All Devices]]></field>
				<field name="menu_text"><![CDATA[[html]<ul class=&quot;list list-feature&quot;>
						<li>
						<i class=&quot;fa fa-check fa-6 fa-primary&quot;></i> <span>Lorem ipsum dolor</span>
						</li>
						<li>
						<i class=&quot;fa fa-check fa-6 fa-primary&quot;></i> <span>Lorem ipsum dolor</span>
						</li>
						<li>
						<i class=&quot;fa fa-check fa-6 fa-primary&quot;></i> <span>Lorem ipsum dolor</span>
						</li>
						<li>
						<i class=&quot;fa fa-check fa-6 fa-primary&quot;></i> <span>Lorem ipsum dolor</span>
						</li>
						</ul>[/html]]]></field>
				<field name="menu_image">{e_THEME}skyapp/assets/img/device-imac.png</field>
				<field name="menu_icon"></field>
				<field name="menu_template">2-column_1:1_text-left</field>
				<field name="menu_class">0</field>
				<field name="menu_button_url">page/feature-1</field>
				<field name="menu_button_text">Read more</field>
			</item>
			<item><field name="page_id">9</field><field name="page_title">Try SkyApp For 30 Days FREE!</field><field name="menu_name">custom-small-device</field>
				<field name="page_sef">device</field>
				<field name="page_chapter">0</field>
				<field name="page_metakeys"></field>
				<field name="page_metadscr"></field>
				<field name="page_text"></field>
				<field name="page_author">1</field>
				<field name="page_datestamp">1567085764</field>
				<field name="page_rating_flag">0</field>
				<field name="page_comment_flag">0</field>
				<field name="page_password"></field>
				<field name="page_class">0</field>
				<field name="page_ip_restrict"></field>
				<field name="page_template">default</field>
				<field name="page_order">10000</field>
				<field name="page_fields"></field>
				
				<field name="menu_title">Try SkyApp For 30 Days FREE!</field>
				<field name="menu_text"><![CDATA[[html]<p>Lorem ipsum dolor sit amet, consectetur adipiscing elit Phasellus et odio.</p>[/html]]]></field>
				<field name="menu_image">{e_THEME}skyapp/assets/img/device-iphone.png</field>
				<field name="menu_icon"></field>
				<field name="menu_template">2-column_1:1_text-right</field>
				<field name="menu_class">0</field>
				<field name="menu_button_url">page/feature-1</field>
				<field name="menu_button_text">Read more</field>
			</item> 
	</dbTable>
	<dbTable name="menus">
		<item>
			<field name="menu_id">1</field>
			<field name="menu_name">feature-menu-1</field>
			<field name="menu_location">10</field>
			<field name="menu_order">1</field>
			<field name="menu_class">0</field>
			<field name="menu_pages"></field>
			<field name="menu_path">5</field>
			<field name="menu_layout">home</field>
			<field name="menu_parms"></field>
		</item>
		<item>
			<field name="menu_id">2</field>
			<field name="menu_name">feature-menu-2</field>
			<field name="menu_location">11</field>
			<field name="menu_order">1</field>
			<field name="menu_class">0</field>
			<field name="menu_pages"></field>
			<field name="menu_path">6</field>
			<field name="menu_layout">home</field>
			<field name="menu_parms"></field>
		</item>
		<item>
			<field name="menu_id">3</field>
			<field name="menu_name">feature-menu-3</field>
			<field name="menu_location">12</field>
			<field name="menu_order">1</field>
			<field name="menu_class">0</field>
			<field name="menu_pages"></field>
			<field name="menu_path">7</field>
			<field name="menu_layout">home</field>
			<field name="menu_parms"></field>
		</item>
		<item>
			<field name="menu_id">8</field>
			<field name="menu_name">custom-device</field>
			<field name="menu_location">30</field>
			<field name="menu_order">1</field>
			<field name="menu_class">0</field>
			<field name="menu_pages"></field>
			<field name="menu_path">8</field>
			<field name="menu_layout">home</field>
			<field name="menu_parms"></field>
		</item>
		<item>
			<field name="menu_id">9</field>
			<field name="menu_name">custom-small-device</field>
			<field name="menu_location">31</field>
			<field name="menu_order">1</field>
			<field name="menu_class">0</field>
			<field name="menu_pages"></field>
			<field name="menu_path">9</field>
			<field name="menu_layout">home</field>
			<field name="menu_parms"></field>
		</item>
		<item>
			<field name="menu_id">10</field>
			<field name="menu_name">navigation_menu</field>
			<field name="menu_location">105</field>
			<field name="menu_order">1</field>
			<field name="menu_class">0</field>
			<field name="menu_pages"></field>
			<field name="menu_path">navigation/</field>
			<field name="menu_layout">home</field>
			<field name="menu_parms">{
				"lastname_74758209201093747": "",
				"caption": {
					"English": "Footer Links"
				},
				"type": "main",
				"layout": "alt6"
			}</field>
		</item>
		<item>
			<field name="menu_id">11</field>
			<field name="menu_name">navigation_menu</field>
			<field name="menu_location">105</field>
			<field name="menu_order">1</field>
			<field name="menu_class">0</field>
			<field name="menu_pages"></field>
			<field name="menu_path">navigation/</field>
			<field name="menu_layout">full</field>
			<field name="menu_parms">{
				"lastname_74758209201093747": "",
				"caption": {
					"English": "Footer Links"
				},
				"type": "main",
				"layout": "alt6"
			}</field>
		</item>
		<item>
			<field name="menu_id">12</field>
			<field name="menu_name">navigation_menu</field>
			<field name="menu_location">105</field>
			<field name="menu_order">1</field>
			<field name="menu_class">0</field>
			<field name="menu_pages"></field>
			<field name="menu_path">navigation/</field>
			<field name="menu_layout"></field>
			<field name="menu_parms">{
				"lastname_74758209201093747": "",
				"caption": {
					"English": "Footer Links"
				},
				"type": "main",
				"layout": "alt6"
			}</field>
		</item>
				<item>
			<field name="menu_id">13</field>
			<field name="menu_name">navigation_menu</field>
			<field name="menu_location">106</field>
			<field name="menu_order">1</field>
			<field name="menu_class">0</field>
			<field name="menu_pages"></field>
			<field name="menu_path">navigation/</field>
			<field name="menu_layout">home</field>
			<field name="menu_parms">{
				"lastname_74758209201093747": "",
				"caption": {
					"English": "Footer Links"
				},
				"type": "main",
				"layout": "alt6"
			}</field>
		</item>
		<item>
			<field name="menu_id">14</field>
			<field name="menu_name">navigation_menu</field>
			<field name="menu_location">106</field>
			<field name="menu_order">1</field>
			<field name="menu_class">0</field>
			<field name="menu_pages"></field>
			<field name="menu_path">navigation/</field>
			<field name="menu_layout">full</field>
			<field name="menu_parms">{
				"lastname_74758209201093747": "",
				"caption": {
					"English": "Footer Links"
				},
				"type": "main",
				"layout": "alt6"
			}</field>
		</item>
		<item>
			<field name="menu_id">15</field>
			<field name="menu_name">navigation_menu</field>
			<field name="menu_location">106</field>
			<field name="menu_order">1</field>
			<field name="menu_class">0</field>
			<field name="menu_pages"></field>
			<field name="menu_path">navigation/</field>
			<field name="menu_layout"></field>
			<field name="menu_parms">{
				"lastname_74758209201093747": "",
				"caption": {
					"English": "Footer Links"
				},
				"type": "main",
				"layout": "alt6"
			}</field>
		</item>
				<item>
			<field name="menu_id">16</field>
			<field name="menu_name">navigation_menu</field>
			<field name="menu_location">107</field>
			<field name="menu_order">1</field>
			<field name="menu_class">0</field>
			<field name="menu_pages"></field>
			<field name="menu_path">navigation/</field>
			<field name="menu_layout">home</field>
			<field name="menu_parms">{
				"lastname_74758209201093747": "",
				"caption": {
					"English": "Footer Links"
				},
				"type": "main",
				"layout": "alt6"
			}</field>
		</item>
		<item>
			<field name="menu_id">17</field>
			<field name="menu_name">navigation_menu</field>
			<field name="menu_location">107</field>
			<field name="menu_order">1</field>
			<field name="menu_class">0</field>
			<field name="menu_pages"></field>
			<field name="menu_path">navigation/</field>
			<field name="menu_layout">full</field>
			<field name="menu_parms">{
				"lastname_74758209201093747": "",
				"caption": {
					"English": "Footer Links"
				},
				"type": "main",
				"layout": "alt6"
			}</field>
		</item>
		<item>
			<field name="menu_id">18</field>
			<field name="menu_name">navigation_menu</field>
			<field name="menu_location">107</field>
			<field name="menu_order">1</field>
			<field name="menu_class">0</field>
			<field name="menu_pages"></field>
			<field name="menu_path">navigation/</field>
			<field name="menu_layout"></field>
			<field name="menu_parms">{
				"lastname_74758209201093747": "",
				"caption": {
					"English": "Footer Links"
				},
				"type": "main",
				"layout": "alt6"
			}</field>
		</item>
	</dbTable>
	</database>
</e107Export>